<?xml version="1.0" encoding="UTF-8"?>
<!DOCTYPE hibernate-configuration PUBLIC "-//Hibernate/Hibernate Configuration DTD 3.0//EN"
                                         "http://www.hibernate.org/dtd/hibernate-configuration-3.0.dtd">
<hibernate-configuration>
	<session-factory>
		<property name="hibernate.connection.driver_class">com.mysql.cj.jdbc.Driver</property>
		<property name="hibernate.connection.password">harita</property>
		<property name="hibernate.connection.url">jdbc:mysql://localhost:3306/harita?serverTimezone=UTC</property>
		<property name="hibernate.connection.username">harita_user</property>
		
		<mapping class="entities.Personel" />
		<mapping class="entities.Birlik" />
		<mapping class="entities.PersonelAdres" />
		
	</session-factory>
</hibernate-configuration>
