<?xml version="1.0" encoding="UTF-8"?>
<faces-config
    xmlns="http://xmlns.jcp.org/xml/ns/javaee"
    xmlns:xsi="http://www.w3.org/2001/XMLSchema-instance"
    xsi:schemaLocation="http://xmlns.jcp.org/xml/ns/javaee http://xmlns.jcp.org/xml/ns/javaee/web-facesconfig_2_3.xsd"
    version="2.3">
	<application>
	  <resource-bundle>
	   <base-name>hgm.gov.resource.mesajlar</base-name>
	   <var>mesajBundle</var>
	  </resource-bundle>
	  <locale-config>
	   <default-locale>tr</default-locale>
	   <supported-locale>en</supported-locale>
	  </locale-config>
	</application>
</faces-config>
